Title,Link,Count
دار الافتاء جامعۃ العلوم الاسلامیۃ بنوری ٹاؤن,https://darulifta.info/d/banuritown,60877
دار الافتاء دار العلوم دیوبند,https://darulifta.info/d/deoband,34692
دار الافتاء جامعۃ الرشید کراچی,https://darulifta.info/d/jamiaturrasheed,9768
دار الافتاء جامعہ بنوریہ کراچی,https://darulifta.info/d/onlinefatawa,2413
دار الافتاء دار العلوم (وقف) دیوبند,https://darulifta.info/d/deobandw,1127
دار الافتاء جامعہ عثمانیہ پشاور,https://darulifta.info/d/usmaniapsh,1046
دار الافتاء دار العلوم کراچی,https://darulifta.info/d/darululoomkarachi,1035
دار الافتاء جامعہ اشرفیہ لاہور,https://darulifta.info/d/ashrafia,983
دار الافتاء جامعہ فاروقیہ,https://darulifta.info/d/farooqia,380
دار الافتاء صادق آباد,https://darulifta.info/d/daruliftasadiqabad,91
دار الافتاء خیر المدارس ملتان,https://darulifta.info/d/khairulmadaris,56
دار الافتاء اشرف المدارس کراچی,https://darulifta.info/d/ashrafulmadaris,32
دارالافتاء جامعہ دارالعلوم یاسین القرآن کراچی,https://darulifta.info/d/yaseenulquran,28
دار الافتاء جامعہ حقانیہ اکوڑہ خٹک,https://darulifta.info/d/haqqania,6
